<?xml version="1.0" encoding="utf-8"?>
<!DOCTYPE install PUBLIC "-//Joomla! 1.5//DTD template 1.0//EN" "http://www.joomla.org/xml/dtd/1.5/template-install.dtd">
	<install version="1.5" type="template">
		<name>pq_frequent</name>
		<creationDate>Jan 2010</creationDate>
		<author>PQSofts.com</author>
		<authorEmail>pqsofts@gmail.com</authorEmail>
		<authorUrl>http://pqsofts.com</authorUrl>
		<copyright>Copyright (C) 2009 PQ Softs. All rights reserved.</copyright>
		<license>http://www.gnu.org/licenses/gpl-2.0.html GNU/GPL</license>
		<version>1.0.0</version>
		<description>
		<![CDATA[
			<h1>PQ Softs Frequent</h1>

			<img style="margin-left: 16px;" src="../templates/pq_frequent/template_thumbnail.png" align="right" alt=" " />PQ Frequent is the special &amp; exclussive new year 2010 Joomla template from <a target="_blank" href="http://pqsofts.com">PQSofts.com</a>. It is free.

			<h3>Features</h3>
			Speed Optimisation<br />
			SEF Optimised Layout<br />
			Mootools multi level dropdown menu<br />
			Font Resizer<br />
			12 Module Positions<br />
			W3C XHTML 1.0 Transitional. W3C CSS 3 Valid<br />
			Cross browser compatibility (IE6, IE7, IE8, Firefox, Opera, Safari and Google Chrome)<br />
			IE6 Error message<br />
			Typography<br /><br />
			<h3>Initial Release</h3>

			]]>  	
		</description>
		<positions>
			<position>top-menu</position>
			<position>login</position>
			<position>reg</position>
			<position>hornav</position>
			<position>search</position>
			<position>slides</position>
			<position>user1</position>
			<position>user2</position>
			<position>user3</position>
			<position>right</position>
			<position>breadcrumb</position>
			<position>footer-nav</position>
		</positions>
		<files>
			<file>index.php</file>
			<file>params.ini</file>
			<file>template_thumbnail.png</file>
			<file>templateDetails.xml</file>
			<folder>/css/</folder>
			<folder>/html/</folder>
			<folder>/images/</folder>
			<folder>/js/</folder>
			<folder>/lib/</folder>
		</files>
		<params>
			<param name="font_resizer" type="list" default="1" label="Font Resizer" description="Show or Hide Font Resizer">
				<option value="0">Show</option>
				<option value="1">Hide</option>
			</param>
		</params>	
	</install>		
				